USE like_minded;

-- Generate 50 rows of `user` data
INSERT INTO user (USER_ID, USERNAME, PASSWORD, EMAIL, ROLE_TYPE, CREATED_BY, CREATED_DATE, UPDATED_BY, UPDATED_DATE, IS_PREMIUM) VALUES
(1000, 'john_doe', '123', 'john.doe@example.com', 1, 'DB_ADMIN', '2024-04-22 10:00:00', 'DB_ADMIN', '2024-04-22 10:00:00', 1),
(1001, 'jane_smith', '123', 'jane.smith@example.com', 2, 'DB_ADMIN', '2024-04-22 10:00:00', 'DB_ADMIN', '2024-04-22 10:00:00', 0),
(1002, 'alex_miller', '123', 'alex.miller@example.com', 2, 'DB_ADMIN', '2024-04-22 10:00:00', 'DB_ADMIN', '2024-04-22 10:00:00', 1),
(1003, 'emily_jones', '123', 'emily.jones@example.com', 1, 'DB_ADMIN', '2024-04-22 10:00:00', 'DB_ADMIN', '2024-04-22 10:00:00', 0),
(1004, 'michael_brown', '123', 'michael.brown@example.com', 2, 'DB_ADMIN', '2024-04-22 10:00:00', 'DB_ADMIN', '2024-04-22 10:00:00', 1),
(1005, 'sarah_adams', '123', 'sarah.adams@example.com', 1, 'DB_ADMIN', '2024-04-22 10:00:00', 'DB_ADMIN', '2024-04-22 10:00:00', 0),
(1006, 'david_wilson', '123', 'david.wilson@example.com', 2, 'DB_ADMIN', '2024-04-22 10:00:00', 'DB_ADMIN', '2024-04-22 10:00:00', 1),
(1007, 'olivia_taylor', '123', 'olivia.taylor@example.com', 1, 'DB_ADMIN', '2024-04-22 10:00:00', 'DB_ADMIN', '2024-04-22 10:00:00', 1),
(1008, 'samuel_clark', '123', 'samuel.clark@example.com', 2, 'DB_ADMIN', '2024-04-22 10:00:00', 'DB_ADMIN', '2024-04-22 10:00:00', 0),
(1009, 'emma_hall', '123', 'emma.hall@example.com', 1, 'DB_ADMIN', '2024-04-22 10:00:00', 'DB_ADMIN', '2024-04-22 10:00:00', 1),
(1010, 'jacob_young', '123', 'jacob.young@example.com', 2, 'DB_ADMIN', '2024-04-22 10:00:00', 'DB_ADMIN', '2024-04-22 10:00:00', 0),
(1011, 'ava_walker', '123', 'ava.walker@example.com', 1, 'DB_ADMIN', '2024-04-22 10:00:00', 'DB_ADMIN', '2024-04-22 10:00:00', 1),
(1012, 'noah_evans', '123', 'noah.evans@example.com', 2, 'DB_ADMIN', '2024-04-22 10:00:00', 'DB_ADMIN', '2024-04-22 10:00:00', 0),
(1013, 'isabella_king', '123', 'isabella.king@example.com', 1, 'DB_ADMIN', '2024-04-22 10:00:00', 'DB_ADMIN', '2024-04-22 10:00:00', 1),
(1014, 'liam_baker', '123', 'liam.baker@example.com', 2, 'DB_ADMIN', '2024-04-22 10:00:00', 'DB_ADMIN', '2024-04-22 10:00:00', 0),
(1015, 'mia_gonzalez', '123', 'mia.gonzalez@example.com', 1, 'DB_ADMIN', '2024-04-22 10:00:00', 'DB_ADMIN', '2024-04-22 10:00:00', 1),
(1016, 'ethan_mitchell', '123', 'ethan.mitchell@example.com', 2, 'DB_ADMIN', '2024-04-22 10:00:00', 'DB_ADMIN', '2024-04-22 10:00:00', 0),
(1017, 'ava_roberts', '123', 'ava.roberts@example.com', 1, 'DB_ADMIN', '2024-04-22 10:00:00', 'DB_ADMIN', '2024-04-22 10:00:00', 1),
(1018, 'logan_carter', '123', 'logan.carter@example.com', 2, 'DB_ADMIN', '2024-04-22 10:00:00', 'DB_ADMIN', '2024-04-22 10:00:00', 0),
(1019, 'olivia_perez', '123', 'olivia.perez@example.com', 1, 'DB_ADMIN', '2024-04-22 10:00:00', 'DB_ADMIN', '2024-04-22 10:00:00', 1),
(1020, 'noah_hernandez', '123', 'noah.hernandez@example.com', 2, 'DB_ADMIN', '2024-04-22 10:00:00', 'DB_ADMIN', '2024-04-22 10:00:00', 0),
(1021, 'sophia_nguyen', '123', 'sophia.nguyen@example.com', 1, 'DB_ADMIN', '2024-04-22 10:00:00', 'DB_ADMIN', '2024-04-22 10:00:00', 1),
(1022, 'mason_thomas', '123', 'mason.thomas@example.com', 2, 'DB_ADMIN', '2024-04-22 10:00:00', 'DB_ADMIN', '2024-04-22 10:00:00', 0),
(1023, 'mia_rodriguez', '123', 'mia.rodriguez@example.com', 1, 'DB_ADMIN', '2024-04-22 10:00:00', 'DB_ADMIN', '2024-04-22 10:00:00', 1),
(1024, 'ethan_wilson', '123', 'ethan.wilson@example.com', 2, 'DB_ADMIN', '2024-04-22 10:00:00', 'DB_ADMIN', '2024-04-22 10:00:00', 0),
(1025, 'harper_johnson', '123', 'harper.johnson@example.com', 1, 'DB_ADMIN', '2024-04-22 10:00:00', 'DB_ADMIN', '2024-04-22 10:00:00', 1),
(1026, 'michael_lee', '123', 'michael.lee@example.com', 2, 'DB_ADMIN', '2024-04-22 10:00:00', 'DB_ADMIN', '2024-04-22 10:00:00', 0),
(1027, 'amelia_garcia', '123', 'amelia.garcia@example.com', 1, 'DB_ADMIN', '2024-04-22 10:00:00', 'DB_ADMIN', '2024-04-22 10:00:00', 1),
(1028, 'james_martinez', '123', 'james.martinez@example.com', 2, 'DB_ADMIN', '2024-04-22 10:00:00', 'DB_ADMIN', '2024-04-22 10:00:00', 0),
(1029, 'charlotte_richardson', '123', 'charlotte.richardson@example.com', 1, 'DB_ADMIN', '2024-04-22 10:00:00', 'DB_ADMIN', '2024-04-22 10:00:00', 1),
(1030, 'william_taylor', '123', 'william.taylor@example.com', 2, 'DB_ADMIN', '2024-04-22 10:00:00', 'DB_ADMIN', '2024-04-22 10:00:00', 0),
(1031, 'ava_jackson', '123', 'ava.jackson@example.com', 1, 'DB_ADMIN', '2024-04-22 10:00:00', 'DB_ADMIN', '2024-04-22 10:00:00', 1),
(1032, 'logan_white', '123', 'logan.white@example.com', 2, 'DB_ADMIN', '2024-04-22 10:00:00', 'DB_ADMIN', '2024-04-22 10:00:00', 0),
(1033, 'amelia_harris', '123', 'amelia.harris@example.com', 1, 'DB_ADMIN', '2024-04-22 10:00:00', 'DB_ADMIN', '2024-04-22 10:00:00', 1),
(1034, 'benjamin_martin', '123', 'benjamin.martin@example.com', 2, 'DB_ADMIN', '2024-04-22 10:00:00', 'DB_ADMIN', '2024-04-22 10:00:00', 0),
(1035, 'evelyn_anderson', '123', 'evelyn.anderson@example.com', 1, 'DB_ADMIN', '2024-04-22 10:00:00', 'DB_ADMIN', '2024-04-22 10:00:00', 1),
(1036, 'daniel_thompson', '123', 'daniel.thompson@example.com', 2, 'DB_ADMIN', '2024-04-22 10:00:00', 'DB_ADMIN', '2024-04-22 10:00:00', 0),
(1037, 'harper_nelson', '123', 'harper.nelson@example.com', 1, 'DB_ADMIN', '2024-04-22 10:00:00', 'DB_ADMIN', '2024-04-22 10:00:00', 1),
(1038, 'emma_carter', '123', 'emma.carter@example.com', 2, 'DB_ADMIN', '2024-04-22 10:00:00', 'DB_ADMIN', '2024-04-22 10:00:00', 0),
(1039, 'sebastian_king', '123', 'sebastian.king@example.com', 1, 'DB_ADMIN', '2024-04-22 10:00:00', 'DB_ADMIN', '2024-04-22 10:00:00', 1),
(1040, 'scarlett_scott', '123', 'scarlett.scott@example.com', 2, 'DB_ADMIN', '2024-04-22 10:00:00', 'DB_ADMIN', '2024-04-22 10:00:00', 0),
(1041, 'evelyn_adams', '123', 'evelyn.adams@example.com', 1, 'DB_ADMIN', '2024-04-22 10:00:00', 'DB_ADMIN', '2024-04-22 10:00:00', 1),
(1042, 'ryan_gonzalez', '123', 'ryan.gonzalez@example.com', 2, 'DB_ADMIN', '2024-04-22 10:00:00', 'DB_ADMIN', '2024-04-22 10:00:00', 0),
(1043, 'zoey_cook', '123', 'zoey.cook@example.com', 1, 'DB_ADMIN', '2024-04-22 10:00:00', 'DB_ADMIN', '2024-04-22 10:00:00', 1),
(1044, 'lucas_hall', '123', 'lucas.hall@example.com', 2, 'DB_ADMIN', '2024-04-22 10:00:00', 'DB_ADMIN', '2024-04-22 10:00:00', 0),
(1045, 'lily_allen', '123', 'lily.allen@example.com', 1, 'DB_ADMIN', '2024-04-22 10:00:00', 'DB_ADMIN', '2024-04-22 10:00:00', 1),
(1046, 'liam_thomas', '123', 'liam.thomas@example.com', 2, 'DB_ADMIN', '2024-04-22 10:00:00', 'DB_ADMIN', '2024-04-22 10:00:00', 0),
(1047, 'ava_richardson', '123', 'ava.richardson@example.com', 1, 'DB_ADMIN', '2024-04-22 10:00:00', 'DB_ADMIN', '2024-04-22 10:00:00', 1),
(1048, 'jack_scott', '123', 'jack.scott@example.com', 2, 'DB_ADMIN', '2024-04-22 10:00:00', 'DB_ADMIN', '2024-04-22 10:00:00', 0),
(1049, 'aubrey_wood', '123', 'aubrey.wood@example.com', 1, 'DB_ADMIN', '2024-04-22 10:00:00', 'DB_ADMIN', '2024-04-22 10:00:00', 1);

-- Generate 50 rows of `user_profile` data
INSERT INTO user_profile (PROFILE_ID, USER_ID, DISPLAY_NAME, GENDER, BIRTHDATE, IMAGE_1, IMAGE_2, IMAGE_3, IMAGE_4, IMAGE_5, IMAGE_6, BIO) VALUES
(1000, 1000, 'John Doe', 'male', '1990-05-15', NULL, NULL, NULL, NULL, NULL, NULL, 'Lorem ipsum dolor sit amet, consectetur adipiscing elit.'),
(1001, 1001, 'Jane Smith', 'female', '1995-09-20', NULL, NULL, NULL, NULL, NULL, NULL, 'Sed ut perspiciatis unde omnis iste natus error sit voluptatem accusantium doloremque laudantium.'),
(1002, 1002, 'Alex Miller', 'male', '1988-03-08', NULL, NULL, NULL, NULL, NULL, NULL, 'Integer posuere erat a ante venenatis dapibus posuere velit aliquet.'),
(1003, 1003, 'Emily Jones', 'female', '1992-11-30', NULL, NULL, NULL, NULL, NULL, NULL, 'Ut enim ad minima veniam, quis nostrum exercitationem ullam corporis suscipit laboriosam.'),
(1004, 1004, 'Michael Brown', 'male', '1985-07-10', NULL, NULL, NULL, NULL, NULL, NULL, 'Duis aute irure dolor in reprehenderit in voluptate velit esse cillum dolore eu fugiat nulla pariatur.'),
(1005, 1005, 'Sarah Adams', 'female', '1998-02-25', NULL, NULL, NULL, NULL, NULL, NULL, 'Excepteur sint occaecat cupidatat non proident, sunt in culpa qui officia deserunt mollit anim id est laborum.'),
(1006, 1006, 'David Wilson', 'male', '1987-04-17', NULL, NULL, NULL, NULL, NULL, NULL, 'Lorem ipsum dolor sit amet, consectetur adipiscing elit.'),
(1007, 1007, 'Olivia Taylor', 'female', '1991-06-03', NULL, NULL, NULL, NULL, NULL, NULL, 'Sed ut perspiciatis unde omnis iste natus error sit voluptatem accusantium doloremque laudantium.'),
(1008, 1008, 'Samuel Clark', 'male', '1989-08-14', NULL, NULL, NULL, NULL, NULL, NULL, 'Integer posuere erat a ante venenatis dapibus posuere velit aliquet.'),
(1009, 1009, 'Emma Hall', 'female', '1994-12-18', NULL, NULL, NULL, NULL, NULL, NULL, 'Ut enim ad minima veniam, quis nostrum exercitationem ullam corporis suscipit laboriosam.'),
(1010, 1010, 'Jacob Young', 'male', '1986-10-05', NULL, NULL, NULL, NULL, NULL, NULL, 'Duis aute irure dolor in reprehenderit in voluptate velit esse cillum dolore eu fugiat nulla pariatur.'),
(1011, 1011, 'Ava Walker', 'female', '1997-03-22', NULL, NULL, NULL, NULL, NULL, NULL, 'Excepteur sint occaecat cupidatat non proident, sunt in culpa qui officia deserunt mollit anim id est laborum.'),
(1012, 1012, 'Noah Evans', 'male', '1984-09-08', NULL, NULL, NULL, NULL, NULL, NULL, 'Lorem ipsum dolor sit amet, consectetur adipiscing elit.'),
(1013, 1013, 'Isabella King', 'female', '1989-11-12', NULL, NULL, NULL, NULL, NULL, NULL, 'Sed ut perspiciatis unde omnis iste natus error sit voluptatem accusantium doloremque laudantium.'),
(1014, 1014, 'Liam Baker', 'male', '1992-07-28', NULL, NULL, NULL, NULL, NULL, NULL, 'Integer posuere erat a ante venenatis dapibus posuere velit aliquet.'),
(1015, 1015, 'Mia Gonzalez', 'female', '1996-04-03', NULL, NULL, NULL, NULL, NULL, NULL, 'Ut enim ad minima veniam, quis nostrum exercitationem ullam corporis suscipit laboriosam.'),
(1016, 1016, 'Ethan Mitchell', 'male', '1983-12-14', NULL, NULL, NULL, NULL, NULL, NULL, 'Duis aute irure dolor in reprehenderit in voluptate velit esse cillum dolore eu fugiat nulla pariatur.'),
(1017, 1017, 'Ava Roberts', 'female', '1990-10-27', NULL, NULL, NULL, NULL, NULL, NULL, 'Excepteur sint occaecat cupidatat non proident, sunt in culpa qui officia deserunt mollit anim id est laborum.'),
(1018, 1018, 'Logan Carter', 'male', '1988-06-09', NULL, NULL, NULL, NULL, NULL, NULL, 'Lorem ipsum dolor sit amet, consectetur adipiscing elit.'),
(1019, 1019, 'Olivia Perez', 'female', '1993-08-02', NULL, NULL, NULL, NULL, NULL, NULL, 'Sed ut perspiciatis unde omnis iste natus error sit voluptatem accusantium doloremque laudantium.'),
(1020, 1020, 'Noah Hernandez', 'male', '1986-04-15', NULL, NULL, NULL, NULL, NULL, NULL, 'Integer posuere erat a ante venenatis dapibus posuere velit aliquet.'),
(1021, 1021, 'Sophia Nguyen', 'female', '1995-11-08', NULL, NULL, NULL, NULL, NULL, NULL, 'Ut enim ad minima veniam, quis nostrum exercitationem ullam corporis suscipit laboriosam.'),
(1022, 1022, 'Mason Thomas', 'male', '1982-09-20', NULL, NULL, NULL, NULL, NULL, NULL, 'Duis aute irure dolor in reprehenderit in voluptate velit esse cillum dolore eu fugiat nulla pariatur.'),
(1023, 1023, 'Mia Rodriguez', 'female', '1998-05-22', NULL, NULL, NULL, NULL, NULL, NULL, 'Excepteur sint occaecat cupidatat non proident, sunt in culpa qui officia deserunt mollit anim id est laborum.'),
(1024, 1024, 'Ethan Wilson', 'male', '1984-11-17', NULL, NULL, NULL, NULL, NULL, NULL, 'Lorem ipsum dolor sit amet, consectetur adipiscing elit.'),
(1025, 1025, 'Harper Johnson', 'female', '1989-07-06', NULL, NULL, NULL, NULL, NULL, NULL, 'Sed ut perspiciatis unde omnis iste natus error sit voluptatem accusantium doloremque laudantium.'),
(1026, 1026, 'Michael Lee', 'male', '1987-03-11', NULL, NULL, NULL, NULL, NULL, NULL, 'Integer posuere erat a ante venenatis dapibus posuere velit aliquet.'),
(1027, 1027, 'Amelia Garcia', 'female', '1992-10-24', NULL, NULL, NULL, NULL, NULL, NULL, 'Ut enim ad minima veniam, quis nostrum exercitationem ullam corporis suscipit laboriosam.'),
(1028, 1028, 'James Martinez', 'male', '1985-06-19', NULL, NULL, NULL, NULL, NULL, NULL, 'Duis aute irure dolor in reprehenderit in voluptate velit esse cillum dolore eu fugiat nulla pariatur.'),
(1029, 1029, 'Charlotte Richardson', 'female', '1990-08-12', NULL, NULL, NULL, NULL, NULL, NULL, 'Excepteur sint occaecat cupidatat non proident, sunt in culpa qui officia deserunt mollit anim id est laborum.'),
(1030, 1030, 'William Taylor', 'male', '1983-12-03', NULL, NULL, NULL, NULL, NULL, NULL, 'Lorem ipsum dolor sit amet, consectetur adipiscing elit.'),
(1031, 1031, 'Ava Jackson', 'female', '1997-01-28', NULL, NULL, NULL, NULL, NULL, NULL, 'Sed ut perspiciatis unde omnis iste natus error sit voluptatem accusantium doloremque laudantium.'),
(1032, 1032, 'Logan White', 'male', '1981-05-09', NULL, NULL, NULL, NULL, NULL, NULL, 'Integer posuere erat a ante venenatis dapibus posuere velit aliquet.'),
(1033, 1033, 'Amelia Harris', 'female', '1986-11-15', NULL, NULL, NULL, NULL, NULL, NULL, 'Ut enim ad minima veniam, quis nostrum exercitationem ullam corporis suscipit laboriosam.'),
(1034, 1034, 'Benjamin Martin', 'male', '1989-09-02', NULL, NULL, NULL, NULL, NULL, NULL, 'Duis aute irure dolor in reprehenderit in voluptate velit esse cillum dolore eu fugiat nulla pariatur.'),
(1035, 1035, 'Evelyn Anderson', 'female', '1994-03-05', NULL, NULL, NULL, NULL, NULL, NULL, 'Excepteur sint occaecat cupidatat non proident, sunt in culpa qui officia deserunt mollit anim id est laborum.'),
(1036, 1036, 'Daniel Thompson', 'male', '1980-07-18', NULL, NULL, NULL, NULL, NULL, NULL, 'Lorem ipsum dolor sit amet, consectetur adipiscing elit.'),
(1037, 1037, 'Harper Nelson', 'female', '1998-12-01', NULL, NULL, NULL, NULL, NULL, NULL, 'Sed ut perspiciatis unde omnis iste natus error sit voluptatem accusantium doloremque laudantium.'),
(1038, 1038, 'Emma Carter', 'female', '1993-06-27', NULL, NULL, NULL, NULL, NULL, NULL, 'Integer posuere erat a ante venenatis dapibus posuere velit aliquet.'),
(1039, 1039, 'Sebastian King', 'male', '1985-04-09', NULL, NULL, NULL, NULL, NULL, NULL, 'Ut enim ad minima veniam, quis nostrum exercitationem ullam corporis suscipit laboriosam.'),
(1040, 1040, 'Scarlett Scott', 'female', '1990-08-22', NULL, NULL, NULL, NULL, NULL, NULL, 'Excepteur sint occaecat cupidatat non proident, sunt in culpa qui officia deserunt mollit anim id est laborum.'),
(1041, 1041, 'Evelyn Adams', 'female', '1995-02-14', NULL, NULL, NULL, NULL, NULL, NULL, 'Lorem ipsum dolor sit amet, consectetur adipiscing elit.'),
(1042, 1042, 'Ryan Gonzalez', 'male', '1982-10-07', NULL, NULL, NULL, NULL, NULL, NULL, 'Integer posuere erat a ante venenatis dapibus posuere velit aliquet.'),
(1043, 1043, 'Zoey Cook', 'female', '1987-07-29', NULL, NULL, NULL, NULL, NULL, NULL, 'Ut enim ad minima veniam, quis nostrum exercitationem ullam corporis suscipit laboriosam.'),
(1044, 1044, 'Lucas Hall', 'male', '1989-01-11', NULL, NULL, NULL, NULL, NULL, NULL, 'Excepteur sint occaecat cupidatat non proident, sunt in culpa qui officia deserunt mollit anim id est laborum.'),
(1045, 1045, 'Lily Allen', 'female', '1996-05-03', NULL, NULL, NULL, NULL, NULL, NULL, 'Lorem ipsum dolor sit amet, consectetur adipiscing elit.'),
(1046, 1046, 'Liam Thomas', 'male', '1984-08-27', NULL, NULL, NULL, NULL, NULL, NULL, 'Integer posuere erat a ante venenatis dapibus posuere velit aliquet.'),
(1047, 1047, 'Ava Richardson', 'female', '1988-02-18', NULL, NULL, NULL, NULL, NULL, NULL, 'Ut enim ad minima veniam, quis nostrum exercitationem ullam corporis suscipit laboriosam.'),
(1048, 1048, 'Jack Scott', 'male', '1991-09-10', NULL, NULL, NULL, NULL, NULL, NULL, 'Excepteur sint occaecat cupidatat non proident, sunt in culpa qui officia deserunt mollit anim id est laborum.'),
(1049, 1049, 'Aubrey Wood', 'female', '1986-04-28', NULL, NULL, NULL, NULL, NULL, NULL, 'Lorem ipsum dolor sit amet, consectetur adipiscing elit.');

-- Generate 200 rows of `profile_passion` data
INSERT INTO profile_passion (PASSION_PROFILE_ID, PROFILE_ID, PASSION_ID)
VALUES
(1000, 1000, 1), (1001, 1000, 2), (1002, 1000, 3), (1003, 1000, 4),
(1004, 1001, 1), (1005, 1001, 2), (1006, 1001, 3), (1007, 1001, 4),
(1008, 1002, 1), (1009, 1002, 2), (1010, 1002, 3), (1011, 1002, 4),
(1012, 1003, 1), (1013, 1003, 2), (1014, 1003, 3), (1015, 1003, 6),
(1016, 1004, 1), (1017, 1004, 2), (1018, 1004, 3), (1019, 1004, 6),
(1020, 1005, 1), (1021, 1005, 2), (1022, 1005, 4), (1023, 1005, 6),
(1024, 1006, 1), (1025, 1006, 2), (1026, 1006, 4), (1027, 1006, 7),
(1028, 1007, 1), (1029, 1007, 2), (1030, 1007, 4), (1031, 1007, 7),
(1032, 1008, 1), (1033, 1008, 2), (1034, 1008, 4), (1035, 1008, 7),
(1036, 1009, 1), (1037, 1009, 2), (1038, 1009, 4), (1039, 1009, 7),
(1040, 1010, 1), (1041, 1010, 2), (1042, 1010, 4), (1043, 1010, 7),
(1044, 1011, 1), (1045, 1011, 2), (1046, 1011, 5), (1047, 1011, 7),
(1048, 1012, 1), (1049, 1012, 2), (1050, 1012, 5), (1051, 1012, 7),
(1052, 1013, 1), (1053, 1013, 2), (1054, 1013, 5), (1055, 1013, 6),
(1056, 1014, 1), (1057, 1014, 2), (1058, 1014, 5), (1059, 1014, 6),
(1060, 1015, 1), (1061, 1015, 2), (1062, 1015, 5), (1063, 1015, 6),
(1064, 1016, 1), (1065, 1016, 2), (1066, 1016, 5), (1067, 1016, 4),
(1068, 1017, 1), (1069, 1017, 2), (1070, 1017, 5), (1071, 1017, 4),
(1072, 1018, 1), (1073, 1018, 2), (1074, 1018, 5), (1075, 1018, 4),
(1076, 1019, 1), (1077, 1019, 2), (1078, 1019, 5), (1079, 1019, 4),
(1080, 1020, 1), (1081, 1020, 2), (1082, 1020, 5), (1083, 1020, 4),
(1084, 1021, 1), (1085, 1021, 2), (1086, 1021, 3), (1087, 1021, 4),
(1088, 1022, 1), (1089, 1022, 3), (1090, 1022, 7), (1091, 1022, 8),
(1092, 1023, 1), (1093, 1023, 3), (1094, 1023, 5), (1095, 1023, 8),
(1096, 1024, 1), (1097, 1024, 3), (1098, 1024, 5), (1099, 1024, 8),
(1100, 1025, 1), (1101, 1025, 3), (1102, 1025, 5), (1103, 1025, 8),
(1104, 1026, 1), (1105, 1026, 3), (1106, 1026, 5), (1107, 1026, 8),
(1108, 1027, 1), (1109, 1027, 3), (1110, 1027, 5), (1111, 1027, 8),
(1112, 1028, 1), (1113, 1028, 3), (1114, 1028, 5), (1115, 1028, 8),
(1116, 1029, 1), (1117, 1029, 3), (1118, 1029, 5), (1119, 1029, 8),
(1120, 1030, 1), (1121, 1030, 3), (1122, 1030, 6), (1123, 1030, 8),
(1124, 1031, 1), (1125, 1031, 3), (1126, 1031, 6), (1127, 1031, 8),
(1128, 1032, 1), (1129, 1032, 3), (1130, 1032, 6), (1131, 1032, 8),
(1132, 1033, 1), (1133, 1033, 3), (1134, 1033, 6), (1135, 1033, 7),
(1136, 1034, 2), (1137, 1034, 3), (1138, 1034, 6), (1139, 1034, 7),
(1140, 1035, 2), (1141, 1035, 4), (1142, 1035, 6), (1143, 1035, 7),
(1144, 1036, 2), (1145, 1036, 4), (1146, 1036, 6), (1147, 1036, 7),
(1148, 1037, 2), (1149, 1037, 4), (1150, 1037, 6), (1151, 1037, 8),
(1152, 1038, 2), (1153, 1038, 4), (1154, 1038, 6), (1155, 1038, 8),
(1156, 1039, 2), (1157, 1039, 4), (1158, 1039, 6), (1159, 1039, 11),
(1160, 1040, 2), (1161, 1040, 4), (1162, 1040, 6), (1163, 1040, 11),
(1164, 1041, 2), (1165, 1041, 4), (1166, 1041, 6), (1167, 1041, 11),
(1168, 1042, 3), (1169, 1042, 4), (1170, 1042, 6), (1171, 1042, 11),
(1172, 1043, 3), (1173, 1043, 4), (1174, 1043, 6), (1175, 1043, 11),
(1176, 1044, 3), (1177, 1044, 4), (1178, 1044, 6), (1179, 1044, 11),
(1180, 1045, 3), (1181, 1045, 4), (1182, 1045, 6), (1183, 1045, 17),
(1184, 1046, 3), (1185, 1046, 4), (1186, 1046, 6), (1187, 1046, 17),
(1188, 1047, 3), (1189, 1047, 4), (1190, 1047, 6), (1191, 1047, 17),
(1192, 1048, 3), (1193, 1048, 4), (1194, 1048, 6), (1195, 1048, 17),
(1196, 1049, 3), (1197, 1049, 4), (1198, 1049, 6), (1199, 1049, 17);

